issue_key,commit_id
HIVE-1028,3ce0c1f56cc8a93608b1246b98a7677f9898d045
HIVE-1029,5462fa25dd1ee6dd1dfb409c3c13d007e38eeb37
HIVE-1030,72a3ae384d1deb0a8e6e6609ddf3517f50aaa2fc
HIVE-1031,4bdf50cfe3f860930f757796a1717183fb1fc89c
HIVE-1037,0b09d0104dde7734965e5825f2a5d06987f906ae
HIVE-1038,9c2deb40dfd714dfc12b1058b34e7bef6a8fabf2
HIVE-1039,a112e3dbd0c72ba5ff65320224fa29033b4e6f51
HIVE-1042,0357cee3c69cd265d295a0db716ae57fb1107ea4
HIVE-1045,0fe21d1ce02106af2051c41bac26ecb87ca0440e
HIVE-1046,b45e152745cbe8f2ae8c0651c84ae3ce0552e2ff
HIVE-1056,b45ecc0f77191538c17bdf6cec873ad1a2403144
HIVE-1059,2a3a42ffcca2162fe4b0b65ed542ad793ea4942e
HIVE-1064,c6bc891dae978c8e9bdd1b60538b5096c7ab4798
HIVE-1066,7d58e6b8579bd4cb9b7188005f1bd8309e8ebf38
HIVE-1072,da7694b77425cdf9d150c71f9f2c80897d46f491
HIVE-1075,909d0ee30b6edc264d2e3a34f3066ab4729f4a89
HIVE-1085,364f2d84ab40612d6ad3d99dde8f69311aa5acb0
HIVE-1086,cb8d5f3df93e625330e41bcdf2276d22e08d9c9e
HIVE-1088,2d1933c197cd7735d6118637d79394991288d05d
HIVE-1092,afc029632ef886d92cb29a6898737a74c3235189
HIVE-1094,c2d3085f42e6b7dd771b062fb4f683921ac4a8e1
HIVE-1097,a1130b38cfd9ed3be33e6bd3f82ae1fbbc5206b4
HIVE-1099,242487cecb0973b57f9ce0b138e66c19c60a4627
HIVE-1116,c6061820bc3054b6ae7049b92e63682573329b29
HIVE-1124,9bc94da9392dba29627b7e5b9153719827b616f7
HIVE-1125,bae9753645baf804903c9e590ead2fcb6aa6f220
HIVE-1129,96161ccaef3128c383be4927c8f6b528b9eda477
HIVE-1140,ac753e4365a6b1a7fbef74baf0c273a7864ea543
HIVE-1141,b32301c3f26d841e34da61144ea46dbe6fab9d12
HIVE-1142,8ad8e0ecabd1c1dee1d028253a7851b4df797093
HIVE-1167,159b42550d2fe35679f287e1198b7379782a05ae
HIVE-1174,81fc87f702e443dc524ec4cbfaccb3d2a3d953f9
HIVE-1176,1403db9c949c26e51637f7b65da34eefaa460861
HIVE-1182,61fc02a2834078c7cf8e418d845e6004c69da97d
HIVE-1183,8d81d72806acae9b1dcf79d659f4382fc33aec26
HIVE-1184,ca2a664460c3e04204b7d9f136a74ae7addd8321
HIVE-1185,138a1d5244e6044467180de225b3a1c80ce7b407
HIVE-1195,887e6b1f89c9f736d60c4a93f6dfe8c64f1083ad
HIVE-1200,34d70e09b2886149bb1f9e0cf88b07bd563fb452
HIVE-1203,ff0577caa1ff2d2f2e59fcf973f6b423f2448eaf
HIVE-1204,7fa7b5f231ab79d944779deec8119666f92bd5ef
HIVE-1207,ff3f6853a2aeca3bb2b1ad8e66c1739b85f9c342
HIVE-1218,79134c571d823bfa01214ab223387dd20bcaccf4
HIVE-1242,e3cba1e5bd884ebbacf720801128372be34d0996
HIVE-1247,b7f6edef34b4c060dbcb4f44da63a8c8f3c03a0b
HIVE-1252,3f919bda93d9c7b927ac3f34be38ea4c865a00fc
HIVE-1253,0227b4bfdd2b886ae8f2ed63cd7a490bcb49523d
HIVE-1257,22dc49f27539a12a7cfe478e92f6eaa208724b66
HIVE-1258,dae58ce3f446911e9a59ac061f47cccc326d55ef
HIVE-1261,04333cc67d8d4885ae27c4debb0a777eef62aa08
HIVE-1268,e173a00e55aa9186ecaf3ad57d517f46f0437401
HIVE-1271,8a72339b4013f3498353e327da145b18d3396eac
HIVE-1273,b24ab36183359e66120f58a13c4ac7f37f5130bd
HIVE-1274,4d1dc716b70024b505702805dfd45920a6b159ad
HIVE-1275,3508ec7959946774671a3b6f15ca18971084917a
HIVE-1277,1448f4ac6fff085149ac50cd64a1a6e3c8e3afb7
HIVE-1281,07fbee96cd8f712b415fdd9c9944eb2663aaee5c
HIVE-1286,5ed8ec0ffe9bc55ddd5dd7b1e2189dfd3a36acdf
HIVE-1290,cf1e6549e552bf76606e287dd3f223806feba1ae
HIVE-1291,998f3320bc5538d2e6b2e4e19e611c3a8d17bc56
HIVE-1294,3ec867dadc68a92bbc5505862e8fe6ede10954f6
HIVE-1298,bb0521adb78046da7cdcd4bc197af29301e60e5e
HIVE-1302,72ca978260a7219a9da637047ad0aa64193597ba
HIVE-1305,9a77675d35c35b6595b407b4925c80b8d964e6ff
HIVE-1308,e70b26900e4a5ad178a4138062456739ad98672a
HIVE-1311,ce4cb40fd95ffc635374e074be1f9f8650dd57d4
HIVE-1312,1be502fb31b32b6e3eb466669959ab5c3f042515
HIVE-1315,a3f3b623f9b565bdb0557493a8e2564b765da200
HIVE-1317,6267520a50ba8c12ae5cee8fb27a6746376a21c6
HIVE-1320,7b7b8fad21b971b10a1874eb298cdcc43d49c7b7
HIVE-1321,e0287125ac4906b00bc6fea427e25968104bed6f
HIVE-1322,02db059601f0ac97a706405561482dcc2fd9adb7
HIVE-1325,e6dd5546d8224d0afe4b76c3e939781db183a897
HIVE-1326,71be0ef3430c80594cd6bda9959f8575ebe0c868
HIVE-1330,cd3ec0d27e920241b8a5002b20898f3c8020f30b
HIVE-1331,13cfdd7470625c0921fa94098ad1729797e97460
HIVE-1338,1816bd8fea0402c7e4f708ac608a65e32cbaa43a
HIVE-1341,3a3041a349429b84ee90cd9a98c923b7896fe4dd
HIVE-1345,bd0f3b742594e500864e99be070d9a60224c7c9c
HIVE-1350,30ecbe98b9c4530d21f8af2e2bec24bfe65f7334
HIVE-1352,c0c5989ed66deacba70c2a73096dd7310c20b5dd
HIVE-1353,0bf59f52748fea9ebe7c15154ef5165cc68743dd
HIVE-1354,25d39410961bfafab1f115985a3a2cf5b0072b90
HIVE-1363,af911c9fe0ff3bb49d80f6c0109d30f5e1046849
HIVE-1364,17ee33f4f4d8dc9437d1d3a47663a635d2e47b58
HIVE-1365,c21b6c9b5d618c44446f462eba7482c8e6cead0f
HIVE-1366,032188d066212da49d464e97b4e250c195c1f610
HIVE-1367,93eb5e5da1ff2eaa70d88a95d1e1b7c0a5d918b1
HIVE-1371,7032660119e6a63419fffbe8642d7d494950fc82
HIVE-1373,27c650dee376d265ff4bf4c93e63da2bf8647e2b
HIVE-1376,5fc36385d927d228d8d9f1b2a6b17af528d20377
HIVE-1377,2e70a1abf1fed92a6154eb6cb860075626e76e03
HIVE-1385,79e1c6da59a77b9dbffd11c74cbef7904cc83108
HIVE-1388,d5e9f458b91606dc291db2e432bd2c5a2c0cfb2e
HIVE-1399,0a0b4ab56604a25501a72280d70a280e34a9a894
HIVE-1403,a614ce08f5a428240bef32979fd2f5dffa7e48f6
HIVE-1407,2416be7885fc3833a48095fa7fd640c03643f867
HIVE-1409,39f8849bd754d3d68895c16598796d2c68500b36
HIVE-1411,e79b1cccd5015de14d9d9d9ba4afd6c4d8a3e7f1
HIVE-1412,6c97307994601dd22fc9635971b0284e75d12fa9
HIVE-1417,6cdb3b4d745bc6bc1be7fbe5de754ff57ff4b039
HIVE-1418,02df993208d8f14e0642885633cb1374bb5f47f9
HIVE-1421,c507fbdc9981bc5e79ee93d0172fd1156bd13e25
HIVE-1422,6fc9d840c5e04bb96e183a1f8edd743486e70165
HIVE-1425,00c520ca8faadfee114e93e9c0f8c58a6cb62c6f
HIVE-1428,35fb5b4251219a6d4af4d9170a251430b3c0a2e1
HIVE-1435,ff2bad6ae3de3be24c26289ede4fe9772e3d4ee5
HIVE-1440,7c762bd4b2c8c81913cad51f2fb00d620360b866
HIVE-1444,9d601cadfd6eb29e3a6dfcda918a9c891ff4a0fa
HIVE-1453,817c28860e74c638825c74db370c4e396ec85de0
HIVE-1454,de2b0837007bf0b4e806838505a0ec2b01416c64
HIVE-1455,d7952732b6aa702cecb2ac10dfc106a74ad93d71
HIVE-1461,32cc93413c8e0a6077250bb80294a05ce3852349
HIVE-1462,5be357db94d47bbbb1baa3b963ed694edd3aca74
HIVE-1465,3dc525b0c543e1dfea1d34ce80fe9c5ea81aed96
HIVE-1470,f6a1f212d1099adc15a05add4c922a83ef551d58
HIVE-1471,c0c152a8923147b72e73410fe8415cb2e8f01974
HIVE-1475,e7c7c7d57538fa14365f70c215ebcd9712e3cee0
HIVE-1489,f5620e759b6432e57c601d52b759930773e3dbc1
HIVE-1491,72bd9151aefc463397a2b2f064d5b5c204bc21e8
HIVE-1492,94093e86e96786e36756fef802938cd65ef4fd0e
HIVE-1494,70074535fb6d519768746efafb969a437cb9b531
HIVE-1501,11b89a1ee96f35bbe29a250e3ae14a7a16578e49
HIVE-1508,13e2d84ac355ed38b52eabfe6aa449af37abe7cb
HIVE-1509,bb24382b5da48d5319904585622b6412e1fcfec4
HIVE-1510,fd30041fdb0be98ea8602ae7bd6ad68f2bfae074
HIVE-1523,f41c582736c74632ad687ee2c5d81d56d7045fe7
HIVE-1524,2bd4eee44cc403ca2aa8802a348c275aa5c06304
HIVE-1532,e2624b23acec9718f52cf4a1ba8a4e05e44e58a3
HIVE-1534,064593686e880a0a5bd46d3eddb325e0772a45a9
HIVE-1535,c082a724648b6bfbdd4b0ff72d7c41c29257beba
HIVE-1538,219b9737641eb713fc81a35de32c62ed5524fc3a
HIVE-1547,d71a758ecd622e97d59d52d275661232dcdbabb4
HIVE-1548,859a085598b65c7b12f2dba951cfb6a0e14c8bc9
HIVE-1556,778fbbce6661b510934c4efdcb6e0b0f13168661
HIVE-1561,9b7b1c400729f9040fc2baa7eb72ab24eaab4b53
HIVE-1563,71c49eb2a855ecb5d210f14cd89aa23b91aaa372
HIVE-1564,79afdc680126d5bc487d943924bb25c0c730a23d
HIVE-1570,9779512fa902723269497e5c28ef3125545fd4fb
HIVE-1580,8f6326d2c436eb0ced6f98009e3dabbacebf9b1b
HIVE-1583,7a3169cf02f6e8f10effedafb8e8d4fe2a826d0b
HIVE-1584,3865fbc65738288e37c4a986be48c840fabd5bad
HIVE-1589,9f94f0f5af56ce8c738df0669c9d2b5b2963cf3a
HIVE-1592,f68247ac7dbf8c73b46e8b93e8833203ff3f1c3d
HIVE-1593,1c295b6251ebf7b8ce0382a31905ad0560e178ee
HIVE-1594,a29b18ec7a0896f03bfdf52108a332fe88ad77ef
HIVE-1595,7b5003445deb14efb839dd3de851df51c9f1a478
HIVE-1598,92e19bdb2d1fdcab815d382fb7052a9bfbe7e7f8
HIVE-1600,2ef7b5351c56a427e5a80a0ff3e4b73cc791a835
HIVE-1601,f41c582736c74632ad687ee2c5d81d56d7045fe7
HIVE-1607,ddb19a04fc8714542b25f4ffd4e43db2739a0e39
HIVE-1608,f90366404453ad9a42ed389f89dc7a23ccaa863c
HIVE-1613,c5be0262738e0bcdb9baf514ec50cb1370fbe984
HIVE-1614,8f5c0087b76b298c883e512a5bdf59b9c52a5dad
HIVE-1615,3a98a117e613bbe7fffca4e17de708ab06c09453
HIVE-1628,a92038f257373badbd45901d7b7242d6589eca5e
HIVE-1629,dc3b7acf7d433b518c3bec87a095b5c33caeeecb
HIVE-1630,d908f17cfa404690398c74a0cbb84f4b23f156e7
HIVE-1631,08c115617b1a7ab1b68a440b21888918c3a89117
HIVE-1633,09bee8d7fcc33d61b90878214e64a475a89cf60e
HIVE-1639,d7dd25be3121c25d26d939d508aa6758c4342c56
HIVE-1650,61f92fb5efcd371df0e9bf24029317a1c441623f
HIVE-1656,e0ed2937cd600d7aeb35cc50603168c7afcd7656
HIVE-1657,be8632b380d4594866b65b44cb68d3a0f16a643b
HIVE-1658,14f01f5a2aefeb6406810d7e0c4c956671d5d348
HIVE-1664,0d014055d588efe80a60a95349dd16a384c794c1
HIVE-1670,a53eb80dc5860408a1d508a3576c2001813acb30
HIVE-1671,86db502c118eaee78bd926c445c36017d594a07b
HIVE-1673,526bd87e9103375f0ddb8064dcfd8c31342b4c08
HIVE-1674,8b136aecbadb16c2ad97c9ff8a11f2aee2c89a02
HIVE-1678,4148680194f015c7b4639d7db892b166f86a7fee
HIVE-1681,0b557066cccb7e6065deabde39ffc0606cfa4f1f
HIVE-1691,41e5563bb4b2db3300549474dcef1f8700170d38
HIVE-1697,f7246e0bc666a3af541b29b6c3f650ab6f053fa5
HIVE-1699,11f849c4b5c95af95708342f82cf93dfe2a9dfef
HIVE-1707,342c7439eefd131e92defba61444d2b004ce1de5
HIVE-1711,8e672b0a3a63ba6e6f38d458a59ddc40b5b67c4c
HIVE-1712,010b5fd54be5e7a9ff53007dd79ad4479a786d3b
HIVE-1713,76fa38b7dadb59c96e35cc18fb6819987af6c17e
HIVE-1716,65c6f3ae0659bcea463e1c4973530638dee09bbd
HIVE-1717,4bceb584490bfbb4c51d6d7c261d059441c659d0
HIVE-1720,ebb5042c356cdb1e2bd51eafc02e32734b38172b
HIVE-1737,e7b73098c47db8457250def6584fb04681a57935
HIVE-1742,d8701ea32ab24e4c19d583ba9b40f4789703245b
HIVE-1748,0ff881d181e016a7e4a15a0d0606221529811416
HIVE-1753,c7246207f5cc32f93dfd996a3eeceb722bf15263
HIVE-1756,17ab66972fa26dfc50c1336876ae5020e059aeb7
HIVE-1760,59dc7ed6f8a6f904ea54f86cb9ab794aef018b4d
HIVE-1767,6c4b35e92737caaa0218e3f74339cd307fa858ba
HIVE-1769,045a8f311cb1c076d7181380a33076ab2cace7e9
HIVE-1771,e9ba5784e116d9bb6ce693fdeaed307a26d28a75
HIVE-1776,97968b1862c9a86fbd74515de32290881983be2a
HIVE-1777,10713b6afbb3c34778818a18d40648f19e98eaa8
HIVE-1780,624d420d2d7bff53057389e6d45f83ca02a0524e
HIVE-1781,63477956d4ef1b4618bfcf0168d15865ec493d0b
HIVE-1794,1a7bd0f99e6a152ecb56171794be1d569fc85071
HIVE-1795,fd13a84426c06c4d26ff3dc48749776fcbe9e60d
HIVE-1804,a8c8ccd5f053e6bbe783b0510bf21bf6b90479ff
HIVE-1806,a804a3d7f0726253c94af66cef260086307b4360
HIVE-1807,045d9b4c5d97e2f1939205e55a40ec118950f05e
HIVE-1808,b73a33b26c02259cb7a49297300830e7eb1df5cb
HIVE-1809,cbc720184d4729c6d8ba50a3f45a7cc58b857d56
HIVE-1828,d8c386b385fa01e19eb193d98a5994445d31a4e7
HIVE-1829,e4febf07e1f24ef9f629e20b1a8dd1213c5cbdd8
HIVE-1830,6cef02eb0b7cea3dbe2b1fe03bf989d921e537e5
HIVE-1844,fa318705887548358529b44277e2ca152c0018f2
HIVE-1845,c020abd1bb10606d33366a1f85c992e84168a67f
HIVE-1846,77aca9fec67d537d642b43a1f706a9b129892e85
HIVE-1848,b9e11876802e77bd5d2930e4417a73493783aaa3
HIVE-1849,723a2de83af69756d0e71b3df74bea7dd8b133ff
HIVE-1850,30e54a301406c8d895923ac6a6949064019e76ad
HIVE-1853,f9251b417e113ae3d77091932478ed53223acecb
HIVE-1854,d32a8d0c6ad9e25b620fc4b682c319a339097555
HIVE-1857,a3fa8bacee39ef3d66d7147a784caf16dc47b849
HIVE-1862,32758fd38e610f6b4aa69b53b25b273f550dc4cf
HIVE-1864,cd87ff1984521c69e1a6cdc903cb969e2a7f2ed0
HIVE-1867,b719613a5722bb7f696a1cc164b164e3fd4b963a
HIVE-1869,fbd8b52c61bc1e160865e7a7b06836af6b10d412
HIVE-1870,3ef11a9ab27bcde386916cafaca67e5ae5de041c
HIVE-1871,a804a3d7f0726253c94af66cef260086307b4360
HIVE-1873,2b380557c3317c9b4237ac03724514ac3cc8a199
HIVE-1874,ceafb223884d9e313cbd1fb4c449125c6c40b6dd
HIVE-1878,9227b52e407de2ad6a2724f42539193804348f81
HIVE-1879,3d68dfdeeee5e053ca56629545313b30aae36dcb
HIVE-1884,840efbcd5856a6134740c3ca83dd25256c06173b
HIVE-1892,632d70f5b08e2c3145a19ff94d5ede98b6be0d81
HIVE-1896,6659f0fdbb86f37eeccea3cafcadddbc7b4dc887
HIVE-1897,47468bf95777d45b70cb7e0b865793b28ed02845
HIVE-1902,493b329e1bdf7eb4c5ef483a61fbd42a27f5a80b
HIVE-1903,a59eb0797b41c3f69699b66e07b894790d86d2e3
HIVE-1908,b9260ffb4428f312f4bd412caee0c2489e4731e0
HIVE-1912,7d46cfeae2dee9cb8cfb6b0e19599b06529dd9df
HIVE-1913,c7736d28e7b2ed5f64deb8de6df5c1d50625df37
HIVE-1915,68f0edf0c68493b1a027906d95a35307ac4c4296
HIVE-1917,fce1662de730b2ac1cd55158bbf9cd20b63c1aaa
HIVE-1927,52a67dbe479ec117e6bbc31dedbe852268f28bcd
HIVE-1928,1a64931f89953915b235dc849fcad71e323f36a4
HIVE-1934,2e56e18e3b4782d27892b9ae235ba22742a7cfd4
HIVE-1935,2cbbccc5fa9fe3bd9b0569021831f745fa1d4a06
HIVE-1936,000fd182c06181806ff71f4d3c7867dc84f59d8f
HIVE-1937,9de5275bf703bf5ea7cd9ca364cea74b969243d3
HIVE-1939,73486ab0ebc2ee90f1f70af21b44330d131bad2a
HIVE-1943,c0594d5aca24ef7809de76dfe302ea35ecca64cc
HIVE-1944,ed9776aeda1ffc93a36b863190b7b4b464ecf144
HIVE-1951,34e98e7a18c6dc55419bea556a15c4286ddfa08e
HIVE-1952,5bf0764132ea2f7fca230b8319dcb0017b2c66b7
HIVE-1959,40b9582cba62f3c57b87e3753358e9105aa4b4d6
HIVE-1963,6880db6a8e088ff562e7f2440794b8aad775191a
HIVE-1964,91772046fb7c5c9a687666e4dd6bfbd0f96a85ce
HIVE-1965,318f6f166aebd0d3547fe35c4b053ec9974c4c1a
HIVE-1969,1d966282a6d10c2217a6eb4299e7a5e864e62803
HIVE-1973,b485fceab3a5014758121e382e445b8ca2524345
HIVE-1974,73b4334d16f9919b46600cff04c228e39aa86506
HIVE-1975,e1bf3d9c131cc8100c71fe81cc129388a24ecc40
HIVE-1976,bbdeb3f0e3797d32efdabe2766d3e40e53c953d3
HIVE-1977,99d653f328cbab79c27e5273c6d0dcc58b904172
HIVE-1979,42778be517864ac00bec2a16692efbe2674354ee
HIVE-1980,8f49c461cc971cb4e105a72509d13ea4276da6b1
HIVE-1987,fdb40949c4bd1252d772f7ebcb14ea3e3b989411
HIVE-1988,199c0043fa6cb3c13e18632cd75e49487273f311
HIVE-1995,4a815714c80cde281acc9f68e6e406094bf54850
HIVE-1998,740bacc934430a9d09e0b4b690a7a0b61fb7a299
HIVE-2001,c67aee74249d3a8f98cc70d1f8fe797f888745c6
HIVE-2003,b93eee247301ce4f3161e383273007b3f2b1c84d
HIVE-2007,33d15f2177e3cf4a2852ba57d1a477dab7c073fb
HIVE-2011,a29e17a29b24e86d305c2eee1dfa76df5142c313
HIVE-2022,ab4a380eede9cd45948d51438d0387a20208109f
HIVE-2024,8642c1e53ab72306dd1667e47a993a052eb5b85c
HIVE-2025,ab4a380eede9cd45948d51438d0387a20208109f
HIVE-2031,f8dc84294b4671fff58b75e381c308aa15be2fea
HIVE-2034,aadb6ac3cce7bddb164144d42cadb0b461700e1c
HIVE-2037,f177a9ffeadae090ee5af8f0b582cc5aea75cc10
HIVE-2040,b3f64a3fc0483368633f7c74bc3413587169be4f
HIVE-2042,8ad1dfbc62c2e036f3060847529eb81738361896
HIVE-2045,f8724df875f6af20447e11254ba3ce8dd734d626
HIVE-2054,c3f93cbcffa545300d77572e64abe6fc36b34256
HIVE-2055,129aee34cdee78c081885377a5d8089fc434bfdd
HIVE-2059,d03a3ec24f1fef680e7a5f1cdf0c976d5aa829d5
HIVE-2060,c935c69ae31a634a2e74d401baf4dea95b7d0878
HIVE-2061,ecf9055b1ae81b3c2337d20446a575d66d9589b8
HIVE-2062,e727d671e7f20aa7c21a6499644b103562d79330
HIVE-2064,ee179edfadcd16465257137eed8f49ec925a48d4
HIVE-2069,09daf83acca5cc0e1526b3a232f9ae027e9526f9
HIVE-2080,13158e479dfb55696e5cba81bdebc2999f003de6
HIVE-2083,d064170bbff552f0d3755f3c9388a8a35632cd5f
HIVE-2086,ed255b038d4d75b4026e20b3e3de49680af9cda7
HIVE-2095,17e6a47a35df7afad37414b66abd1877ae16eea8
HIVE-2096,d2b08ac3d864b133f3eb880665ac33d60b9ca580
HIVE-2098,0a591b7108c42a47b0e1d84e6e3e45985d877f36
HIVE-2100,7439024288886507d783d9fc5e13d05dce5dcf24
HIVE-2101,54b3fe06397e1b0543aa2889abdf04ae581f4ce4
HIVE-2107,b4b353e4a9756fc3a008fc60445c7ec433e61065
HIVE-2113,ceb2d41a35d4f83007a1d8900a94baa530356fa2
HIVE-2117,a6602493812699893bf6ab9ced6fe8b57a2bd817
HIVE-2120,63372c9a8ec0c1c0703e448eeb7be784373686e8
HIVE-2122,7443007672e8aa771404ed08b769b12a5385fbd1
HIVE-2125,3fc80b40a9156468900adfba0855c5ebbc39f3d7
HIVE-2131,0dc44eebd2a0927ff5d3133ee07825c0eec10d29
HIVE-2138,67fa218795790504c35b43c70eca63c2abff7aab
HIVE-2142,165503f4003765e26de4cc93f4159ef4423839df
HIVE-2145,8d7ddc83c0d8a5f1f281c472515af2907831ac5c
HIVE-2146,34da854c8543957915bde9505baadefebde8314b
HIVE-2151,3576cd5130baede9a45516c1a3502eaa3c8eab04
HIVE-2153,23ca1061f25ade6909094210230bc2f493331930
HIVE-2157,6e21916e15b00143562d22612374299709c0c8a4
HIVE-2159,018bc01f1b252bdccf0de4e1494dcbe382719ba1
HIVE-2160,67bd515775e790cea02355ad31b6b66eac2b2b3f
HIVE-2176,9657154ff0a8d13416ea8a204b3f64e92ebce076
HIVE-2178,922ed688791d577982708b156f0a727ebe85704f
HIVE-2181,751ee91740d50ff7ed8db7d0348e0771f951694f
HIVE-2182,9f70f743924861dd516dc4b0f52fbc8b1bdaff66
HIVE-2183,0d8a45097d5b5b04c61e316d68591408f71f3505
HIVE-2184,9ca33bae6fab18b9d1fad879db0b27c1ccd4cabd
HIVE-2186,32b046bf93e3d041b2bb07a1c9b4e1ef5d977ddf
HIVE-2192,225e719b0bfb8ad124b6613c95ea8ce9385a3844
HIVE-2196,4c7c3a5107bdd52b74baa4e81f3a02f098d8cc38
HIVE-2198,4c321eab3201debac02448125b9eb1a0d2e3a85c
HIVE-2199,37662e89fb569a997ce97d40b1e7d13cf2acdc9c
HIVE-2204,ffa0ff2991c4fc881a8621e5258b05de1c0a84b5
HIVE-2211,75d1fe79ff0cfb21975ac1b70b8ab3f0a7c47696
HIVE-2214,69248e347b706fb9e620726870250ef4d13d3f95
HIVE-2222,67d290ea730c4b2d4ac17fd22ab344c4a7afb15e
HIVE-2237,991cb48d8a1aa5f2e78e68f22ec7fef5957660de
HIVE-2243,4c62a973b5502becb590b3fd59f4913e297bdc45
HIVE-2248,88187be1c0123bc76676c0adc3f54344439a7c5b
HIVE-2253,f0f561b954fd5f3e42a78b37fed5f059e21f552a
HIVE-2257,c011c366dc40aafa4b3f44f1b4404777c5d37126
HIVE-2259,a2e19fbf0de418e9ea8d0755292d7361f40f5ca6
HIVE-2260,e5e501718b1194d0ac2f1b0532e9d3a7d250cbdf
HIVE-2264,7f2f0d5c3d901b3e3bca06b4cf79303a83298f0b
HIVE-2275,2f932cd7570daed7a557c72b7aba39013863ad7d
HIVE-2276,de5576cd4625b0182687454eab424af511278be0
HIVE-2281,a296d3794ee03935ae5e65b764b84b2a04741b84
HIVE-2286,734b5c38e1ea4e251c341c787ac863d2af66dc47
HIVE-2287,5da67fc73109251de3572e781fea8dcf185b7fc4
HIVE-2292,b4307b487404d139ecb937a98955d1783a82f752
HIVE-2296,e9a1b31a53ce1d39879595d0a3c059f8e60fc870
HIVE-2298,65d713b62d7a67dd730c62fc295aa5a8bc76e7da
HIVE-2303,bdf78bf98f1892556d9d2aef1648438633b8c818
HIVE-2307,2198b9d5b237c8693b37f1b0e402955357279c80
HIVE-2309,b879068b194dfd131d4f36505ed44ddaa8bc854e
HIVE-2315,d3164552a26fe1f980bdc9a0af8574712716c367
HIVE-2319,ceeabde5481265eb3c1bc61b0b70a3b4aa7e5966
HIVE-2322,e29ab556bf7a0bcbe32153e556ae574d5da229c9
HIVE-2326,97a61dbd22e0cfa28ff94654470203b9daf7eb37
HIVE-2328,447a525aae5f485e86ba2b0249c8de7c0d992a34
HIVE-2329,4ff251f91c62944651ab2bff2b2cf7d85509745b
HIVE-2331,949d209b7314dfbc32db3f6de0be6af7429e36d8
HIVE-2332,0c36784788187978374a000936e429f556a11d43
HIVE-2334,53cf27b412535b5d7c95c760971280c6a68e63ff
HIVE-2335,e31c71efec509a367816995f6f99559ec2a9919e
HIVE-2337,6f72e79f70a78aa4e66da08821a9f31e60b8548e
HIVE-2338,3207b3698b6db1b011c715b0056c974d9293c0a5
HIVE-2342,715c289087e6199ce7342e41d4c0ee6c3e57cdec
HIVE-2343,6372383785b148e5f4001268a6fb60cab2cab5ea
HIVE-2344,26fdc4305d484769e2503ed016d1038263d18573
HIVE-2356,3626133d976d6b55b2840b9e2a03396f264e51d7
HIVE-2358,be8ac4aacc184a1c4e21084ca97dacafec7b68ba
HIVE-2360,b948c509a438aac96905acdf197fec25b868792c
HIVE-2362,e807b1906f9b90b4237eb37e3d70b3c05fb2691c
HIVE-2366,32730b0370c6d9b5eccc3fdaa18ab9d3212c4fa2
HIVE-2368,725bf812071f0b45b235dac6b92130627c2def7d
HIVE-2369,e274985b766594b7f0e33d41c00c2966c2541d66
HIVE-2372,d25ee1e558cfdad5edff0467e99e3737d26efc2a
HIVE-2379,2c933a7e5f6a9b117f8225ae60fad47cbdd44ed5
HIVE-2382,02a3c857690a3d70c8e59b05cfd498b118123ce6
HIVE-2383,84090fc9b3d7fa8fa2f5ae0eb858b225a3a079f0
HIVE-2384,0649166c8fbaf1615c77f8ef37bbb3e385d6a83e
HIVE-2386,cabd5439be9b6b14b9d00233b13915ff4c83f228
HIVE-2390,b2b1a0799833463c5c0c3d6a08c13f71c5f29e00
HIVE-2391,77f04e41ead2c80688c116828e62acdbb7dd8934
HIVE-2393,9dd92ac19aced17c310f174f765d001e27fd7980
HIVE-2398,b91601192e9047525e66206d59d4c788776fabdb
HIVE-2402,b6bf4363f6232038514cef58b49968f5238a10f5
HIVE-2405,0733a5accd7304819e907fab2e85c4b244ec994c
HIVE-2411,883687af278f7fd1c69b208a958e7f476241aac5
HIVE-2412,febc302b1e67b7ed4cf4511449def01113c175d5
HIVE-2413,fc18a2d3e988520b3b187c11542a2f674c572ddb
HIVE-2417,2fa8c9c3bb41b109010a93c01476c82ff0c07dd1
HIVE-2429,ae7766719137a5120a30a953bac0ee1a25a6b6b0
HIVE-2431,9dd46054eb64d013a21cc6d9ebbc5f973951be06
HIVE-2451,2a594cec3ed84a24e8e4641217254ac6dd7d69b5
HIVE-2455,96565d0b2aa7e4ed9e0a4dd705519dbde4cee4ee
HIVE-2459,4df23da3aa13bf127243328c49a9f6580e6e96fe
HIVE-2463,7b718806a5289c18a39fa098867be2816fe830ea
HIVE-2465,cdf56d3647f3c4ae79691c2fda5a368601b5f435
HIVE-2466,810150d7be86696c0b3240f2b574466b13c1b42c
HIVE-2472,59627c1311b716cfe294161caa97868629d4aa69
HIVE-2474,b62ce2c670aa38e21a90626b9350cf3e20d4849f
HIVE-2481,215f2814b941b7a1f83072467c1ecffaf9b114fb
HIVE-2486,9b66a51ad92f6d48b97e3dd5447905db2dca48b1
HIVE-2487,c253cb7704c92ac6797608b1342a75ab88c35e91
HIVE-2488,8cff74a51367a4b2f2b95775d0d207d4faa80a94
HIVE-2492,c61b93402bcf159697b8a02131e9ce457c6fd4be
HIVE-2497,24a9d9021411aecca442ebe66a98f5c0ff5b5bdb
HIVE-2498,799e244940de86ad5d60d93ef15bac637841ea06
HIVE-2499,441532e51713a536e9f65a49242345cd02bc6812
HIVE-2501,cfa111ac0546b037acb796f5704633d47c769cdf
HIVE-2503,6f88da3061babf49953161012006852e44113722
HIVE-2504,e94234b355be421067f5590eb809d6728af6c860
HIVE-2510,35fc3854cd6284f79c41db0a58a666ce20eed33c
HIVE-2516,51d2e3b5e7e25c60e9a08ebc860c945035a136be
HIVE-2519,077cecb844cbe8242a3107fa9df60bfffc50998e
HIVE-2520,69b3d803a52b415e532bf7c693fbbabff28b5a9b
HIVE-2531,673934e2ada46af87f8317b0749b628bedf8ec61
HIVE-2532,a3420870e334f3a8f5c1aa0941b4025d774644c9
HIVE-2534,c8b1cfc2bdf63cf1c126dce00743c07e7e96cba6
HIVE-2536,29b224f8e2fdf5cda597334a3d57584763521208
HIVE-2540,9c07df81fb7e17df6b3f90b8fc9e26503ad97705
HIVE-2542,6871fc771e40abe3b0bfca8185636f250359dd0d
HIVE-2543,c4437579931c7d687a107894094d70b9d950838e
HIVE-2544,abea3584a4489d3928061e535103cf2e48ebbb3d
HIVE-2550,fb1e6d11d4e17f769c85108d0908d5f8116e82fe
HIVE-2556,ea1e86c18274be48965ffca8337197955e2eebe3
HIVE-2562,541bb1eb1ed8eba5b6ea050c2eb1194e6c68d8ed
HIVE-2565,741325e17072a7ea76db873a66b921ffe0f8a32f
HIVE-2568,64659c97001bca40aaf0c83c0cff051b3e5a13de
HIVE-2571,56b2888f9886e604626a4de0392ee0701f1fa98e
HIVE-2572,536d02c89316d7c66578daea7e7f9d284e924be3
HIVE-2574,2677a3c878a7f7644cbb2418401ed33b4b6986b3
HIVE-2578,fe7094cd22cbfb6136b4a4a271c32e18032dd28b
HIVE-2580,e5a10cd4111b3cdaaad5e0c5f2dd4ba8f4f0d283
HIVE-2581,1d61b282c01e0927fe43039e7cba4efbba640bd5
HIVE-2588,ff8b2b22f2517aae2b1c701d9a34b02c273de67b
HIVE-2597,4cc0a5106263e00c2b451aac0e454f764e12d9cf
HIVE-2598,747f3e295fccf7cd26d0e861444669d015325419
HIVE-2613,a94df609838a21c0fdc8ca3789b68456aa2a0a3c
HIVE-2617,14a2ebf90e64bb3902befb200db90e9634504260
HIVE-2622,da1f540211bfa691058bdadc362e29ecd7b672ba
HIVE-2625,a7f8289231b897bdbf583da1a56441c7c5de72c9
HIVE-2629,14038849e40f6086acc8de89705b0ec300c5986b
HIVE-2630,9515c78fa2df570368318574ccb9ba58b8c331bd
HIVE-2631,bd7b70fc61002f04175e82b723cb92c7dd9411f4
HIVE-2632,0edb4d8ef9ecfaa7445bdf24a58d22baa3117978
HIVE-2634,2c980bfe6a81aeaed3898e04eb88b6c4873ac2ae
HIVE-2635,1f60e75fed4effa0825b6dd79c9e543b7b91787a
HIVE-2643,6c42279a7f70608ebe9c653568e2e564425fc2b2
HIVE-2646,3e11b3ddecb545df119356557ed10e1228662402
HIVE-2647,bea44104a6bb4756eeb4f4d545a92e955672812f
HIVE-2648,88433a39c9bb33bbf29c2e798b12ab2b5da1c067
HIVE-2649,e19920c5830a0c134f265aed36e83d043864ee0c
HIVE-2650,6f9ab4b026ceee82f40f319243d4fe4511e9814b
HIVE-2654,b674192b090f68c612a7a6e605218a566ea41f00
HIVE-2657,9f2a9ee7b32ed4527d6b1cc2238df535998da2b0
HIVE-2660,660c5e0ec1fb04ac20639cb492580538274966e4
HIVE-2666,e92feaac7e4919871217d7f3a6c96a3582b2f5df
HIVE-2673,196cfae1eb2f85e173b9fe4cdd02c4a8fc887623
HIVE-2674,db62fcac74fdb9fa1ff2b3e6f834303a6db03fe4
HIVE-2681,fe86035f02ed35af72fefe5e6726a36a615a30ed
HIVE-2689,f5c392c2844070b5183218fe64b7689886b29683
HIVE-2690,dac442889f82a7f84ee1e74746027845c263b8ea
HIVE-2702,38521bdfd8c4c6243964a124531c4c88868124da
HIVE-2705,ab5ccee2548949211b4c0184ee1f6dddd72e2597
HIVE-2706,d5222587aeb0cc59710e629590b2b2341e2baaa4
HIVE-2711,9a81bf26de73497532142ab417abf0edaf0cc84d
HIVE-2714,5ec542172f845b11ae7d7fcab4444206b760c0df
HIVE-2715,5e7011d7482d56c88e3c9b838eb32732d732b657
HIVE-2718,f4a6f8535e89fd3ba67a973f76202f64a76699f3
HIVE-2721,26c1d87537b5b23a0c82dceaa752da2173b2d4e8
HIVE-2723,62936dd4e5fde148b4fc43392b15004c6fa52265
HIVE-2732,f75e197ddab611f3de2091202a94e0067fedca1d
HIVE-2734,4ed023f73915731412822b90e1a61faee99121c4
HIVE-2735,6c84a5bc499adc217dea3d51bf7ece7be250d9b6
HIVE-2736,b2de12d23d9b5c935480186fe388ae1b9bb37bda
HIVE-2746,1a78fcc9476c797673d3b3f92b794dc8e022541d
HIVE-2749,6c86b7957e9ed34e3aa77d95d918948621d65c16
HIVE-2750,81f85b9930f3b49433a04a0ffa6b1e3113eb8d40
HIVE-2752,839f9cd1c1fb913770bd541a92811f4a216a2c9f
HIVE-2753,531ca24ceabfd49772c68b88fcf219e80ac7be2d
HIVE-2754,b25799576ad4b87472b5dcdd96824500c8662c78
HIVE-2755,40a5292dccfaf466a7f55aa9576b0e690a54dc06
HIVE-2757,92a99109145054bb02c51209d303d436504c9fa9
HIVE-2758,199439fe10f5674074fe1fdd731a6edd925ba900
HIVE-2759,e18e96f71c59849547cb1c214ce8ed650de33c0f
HIVE-2761,6321b501c956b201d981ebbdebcd102fed3e9740
HIVE-2762,241ab7a0736ec5d4163febb25ab58421b636a135
HIVE-2769,6e638865f8d781dd07fbb4f9ed530208c1bf9795
HIVE-2772,19cb1734fb49ae3cae6e9dedf78074f45a37fc10
HIVE-2778,cc61020d7f4adff7905b8301b7908f3737f483a8
HIVE-2782,4b52a4cf2a56b30211b9edaaa6a6bf119287406b
HIVE-2789,7f911d39119e86797c9221123151f25f0b464a6c
HIVE-2791,26fdc4305d484769e2503ed016d1038263d18573
HIVE-2792,1d28e20e72481ee717d47b217181a51a86bf2be5
HIVE-2793,4d25036ebce8325944933922b08329ddd7e5a632
HIVE-2794,9910371cef9a5f6ebeb289313c89bf4e7e821472
HIVE-2803,a87e4df4543bec51458a37408233500157669072
HIVE-2804,2b167993928ff65f069a6c0f63a00aa514362d57
HIVE-2811,86100a4fd1ed73541b9af54c155915947322d7d5
HIVE-2820,26813655250d7c2362ead88d0c85d9002cff3a9a
HIVE-2824,77f1ff8b142875a63822c45284be4c5ebf0c27f1
HIVE-2831,f518a4f30d62899e81f5dec84292e038a28f3b17
HIVE-2833,d28a683864299b57e9a4640d97c08bead3d2299f
HIVE-2837,ea79dfb5c53d4dd5f8d38ac7d89342f084d8fdb9
HIVE-2838,b93efc4d199089f7fb6f316da9c98b88ed1d0b53
HIVE-2839,3c8fe713974bb6daa2a9035c463797f74df07137
HIVE-2840,81170bebe9bca39be0bf12bf42d49c3d5e46fb10
HIVE-2856,c4f4bc8b032d7e04e89668731e7c7d3e3e3b9f03
HIVE-2857,de3c73e19241683377f119e460fb2050697ebe5a
HIVE-2874,84b169e590005244c9a141fa5700b44d7ac1e184
HIVE-2901,ee1c7ffd52dfef24c56e1ca99aee9d5ffd016c09
HIVE-2904,09e9a233748c6b25b5485e6a8b3886bc7bede89d
HIVE-2905,d8de832a102db792376e20dbb04b2174aef02f07
